<?xml version="1.0" encoding="UTF-8"?>
<metadata xml:lang="en"><Esri><CreaDate>20141008</CreaDate><CreaTime>10181900</CreaTime><ArcGISFormat>1.0</ArcGISFormat><SyncOnce>TRUE</SyncOnce><DataProperties><lineage><Process ToolSource="c:\program files\arcgis\desktop10.1\ArcToolbox\Toolboxes\Data Management Tools.tbx\CalculateField" Date="20141008" Time="101819">CalculateField LBR_polbnda_districts_1m_UNMIL ADM1_CODE "[CNTRY_CODE] + [FIRST_FI_1]" VB #</Process><Process ToolSource="c:\program files\arcgis\desktop10.1\ArcToolbox\Toolboxes\Data Management Tools.tbx\CalculateField" Date="20141008" Time="101844">CalculateField LBR_polbnda_districts_1m_UNMIL ADM2_CODE "[CNTRY_CODE] + [FIRST_FI_1] + [FIRST_FI_2]" VB #</Process><Process ToolSource="c:\program files\arcgis\desktop10.1\ArcToolbox\Toolboxes\Data Management Tools.tbx\CalculateField" Date="20141021" Time="155435">CalculateField LBR_polbnda_districts_1m_UNMIL HRname [ADM2_NAME] VB #</Process><Process ToolSource="c:\program files\arcgis\desktop10.1\ArcToolbox\Toolboxes\Data Management Tools.tbx\CalculateField" Date="20141021" Time="155609">CalculateField LBR_polbnda_districts_1m_UNMIL HRpcode ""LR" + [FIRST_FI_1] + [FIRST_FI_2]" VB #</Process><Process ToolSource="c:\program files\arcgis\desktop10.1\ArcToolbox\Toolboxes\Data Management Tools.tbx\CalculateField" Date="20141021" Time="155641">CalculateField LBR_polbnda_districts_1m_UNMIL HRpcode ""LR" + [FIRST_FI_1] + [FIRST_FI_2]" VB #</Process><Process ToolSource="c:\program files\arcgis\desktop10.1\ArcToolbox\Toolboxes\Data Management Tools.tbx\CalculateField" Date="20141021" Time="155717">CalculateField LBR_polbnda_districts_1m_UNMIL HRparent ""LR" + [FIRST_FI_1]" VB #</Process></lineage></DataProperties></Esri></metadata>
